<?xml version="1.0" encoding="UTF-8"?>
<project-private xmlns="http://www.netbeans.org/ns/project-private/1">
    <editor-bookmarks xmlns="http://www.netbeans.org/ns/editor-bookmarks/2" lastBookmarkId="0"/>
    <open-files xmlns="http://www.netbeans.org/ns/projectui-open-files/2">
        <group>
            <file>file:/C:/Users/eloss/Desktop/java/PI/Russie2018/src/Presentation/Formulaire_ajout_equipeController.java</file>
            <file>file:/C:/Users/eloss/Desktop/java/PI/Russie2018/src/Service/ServiceAbonnement.java</file>
            <file>file:/C:/Users/eloss/Desktop/java/PI/Russie2018/src/Presentation/Case_equipeController.java</file>
            <file>file:/C:/Users/eloss/Desktop/java/PI/Russie2018/src/Entite/Joueur.java</file>
            <file>file:/C:/Users/eloss/Desktop/java/PI/Russie2018/src/Service/ServiceJoueur.java</file>
            <file>file:/C:/Users/eloss/Desktop/java/PI/Russie2018/src/Presentation/Conteneur_liste_entraineur.fxml</file>
            <file>file:/C:/Users/eloss/Desktop/java/PI/Russie2018/src/Presentation/Conteneur_liste_equipeController.java</file>
            <file>file:/C:/Users/eloss/Desktop/java/PI/Russie2018/src/Service/ServiceEquipe.java</file>
            <file>file:/C:/Users/eloss/Desktop/java/PI/Russie2018/src/IService/IServiceJoueur.java</file>
            <file>file:/C:/Users/eloss/Desktop/java/PI/Russie2018/src/Presentation/Formulaire_modifier_joueurController.java</file>
            <file>file:/C:/Users/eloss/Desktop/java/PI/Russie2018/src/Presentation/conteneur_liste_joueur.fxml</file>
            <file>file:/C:/Users/eloss/Desktop/java/PI/Russie2018/src/Presentation/Case_joueurController.java</file>
            <file>file:/C:/Users/eloss/Desktop/java/PI/Russie2018/src/Presentation/AcceuilController.java</file>
            <file>file:/C:/Users/eloss/Desktop/java/PI/Russie2018/src/Presentation/Formulaire_ajout_joueurController.java</file>
            <file>file:/C:/Users/eloss/Desktop/java/PI/Russie2018/src/Test/Russie2018.java</file>
        </group>
    </open-files>
</project-private>
